Points:1,rho,u1,u2,t,p
0.624343,1.00172,0.669545,0.699254,1.0345,12.4767
0.623345,1.00172,0.669749,0.699103,1.0345,12.4767
0.622347,1.00172,0.669952,0.698947,1.0345,12.4767
0.62135,1.00172,0.670159,0.698793,1.0345,12.4768
0.620352,1.00172,0.670371,0.698641,1.0345,12.4768
0.619355,1.00172,0.670585,0.69849,1.0345,12.4768
0.618357,1.00172,0.670799,0.698338,1.0345,12.4768
0.617359,1.00172,0.671012,0.698183,1.0345,12.4768
0.616362,1.00172,0.671221,0.698022,1.0345,12.4768
0.615364,1.00172,0.671417,0.697849,1.0345,12.4768
0.614366,1.00172,0.671591,0.697655,1.0345,12.4768
0.613369,1.00172,0.671737,0.697435,1.0345,12.4768
0.612371,1.00172,0.671851,0.697183,1.0345,12.4768
0.611374,1.00172,0.671933,0.696901,1.0345,12.4767
0.610376,1.00172,0.671987,0.696592,1.0345,12.4767
0.609378,1.00172,0.67202,0.696264,1.0345,12.4767
0.608381,1.00171,0.67204,0.695924,1.0345,12.4767
0.607383,1.00171,0.672048,0.695573,1.0345,12.4766
0.606385,1.00171,0.672044,0.69521,1.0345,12.4766
0.605388,1.00171,0.672024,0.694831,1.0345,12.4766
0.60439,1.00171,0.671989,0.694438,1.0345,12.4765
0.603393,1.0017,0.671944,0.694036,1.0345,12.4765
0.602395,1.0017,0.671897,0.693633,1.0345,12.4765
0.601397,1.0017,0.671858,0.693241,1.0345,12.4764
0.6004,1.0017,0.671839,0.69287,1.0345,12.4764
0.599402,1.00169,0.671848,0.69253,1.03449,12.4763
0.598404,1.00169,0.671887,0.692221,1.03449,12.4763
0.597407,1.00169,0.671952,0.691941,1.03449,12.4762
0.596409,1.00168,0.672039,0.691685,1.03449,12.4762
0.595412,1.00168,0.672143,0.691448,1.03449,12.4761
0.594414,1.00168,0.672263,0.691229,1.03449,12.4761
0.593416,1.00168,0.672397,0.691027,1.03449,12.4761
0.592419,1.00167,0.672545,0.690841,1.03449,12.476
0.591421,1.00167,0.672704,0.690668,1.03449,12.476
0.590423,1.00167,0.672866,0.6905,1.03449,12.4759
0.589426,1.00166,0.673024,0.690328,1.03448,12.4759
0.588428,1.00166,0.673173,0.690148,1.03448,12.4758
0.587431,1.00166,0.67331,0.689958,1.03448,12.4758
0.586433,1.00165,0.67344,0.689761,1.03448,12.4757
0.585435,1.00165,0.673566,0.68956,1.03448,12.4757
0.584438,1.00165,0.673694,0.689363,1.03448,12.4756
0.58344,1.00165,0.67383,0.689173,1.03448,12.4755
0.582442,1.00164,0.673978,0.688996,1.03448,12.4755
0.581445,1.00164,0.674142,0.688835,1.03447,12.4754
0.580447,1.00164,0.674324,0.688692,1.03447,12.4754
0.57945,1.00163,0.674525,0.688567,1.03447,12.4753
0.578452,1.00163,0.674743,0.688458,1.03447,12.4752
0.577454,1.00162,0.674977,0.68836,1.03447,12.4752
0.576457,1.00162,0.675222,0.68827,1.03447,12.4751
0.575459,1.00162,0.675477,0.688188,1.03446,12.475
0.574461,1.00161,0.675745,0.688115,1.03446,12.4749
0.573464,1.00161,0.676028,0.688058,1.03446,12.4749
0.572466,1.0016,0.676333,0.688023,1.03446,12.4748
0.571469,1.0016,0.676664,0.688016,1.03446,12.4747
0.570471,1.00159,0.677022,0.688041,1.03446,12.4746
0.569473,1.00159,0.677407,0.688096,1.03445,12.4745
0.568476,1.00158,0.677811,0.688176,1.03445,12.4744
0.567478,1.00158,0.678223,0.68827,1.03445,12.4743
0.56648,1.00157,0.67863,0.688365,1.03445,12.4742
0.565483,1.00156,0.679024,0.688453,1.03444,12.4741
0.564485,1.00156,0.6794,0.68853,1.03444,12.474
0.563488,1.00155,0.679758,0.688593,1.03444,12.4739
0.56249,1.00155,0.680103,0.688646,1.03444,12.4738
0.561492,1.00154,0.680439,0.688691,1.03443,12.4737
0.560495,1.00154,0.680771,0.688733,1.03443,12.4736
0.559497,1.00153,0.681107,0.688779,1.03443,12.4735
0.558499,1.00152,0.681457,0.688837,1.03443,12.4734
0.557502,1.00152,0.681825,0.688914,1.03442,12.4733
0.556504,1.00151,0.682207,0.689004,1.03442,12.4732
0.555507,1.0015,0.682591,0.689099,1.03442,12.4731
0.554509,1.0015,0.682964,0.689184,1.03442,12.4729
0.553511,1.00149,0.683313,0.689247,1.03441,12.4728
0.552514,1.00148,0.683638,0.689289,1.03441,12.4727
0.551516,1.00148,0.683948,0.689318,1.03441,12.4726
0.550518,1.00147,0.684248,0.689339,1.0344,12.4725
0.549521,1.00146,0.684542,0.689357,1.0344,12.4723
0.548523,1.00146,0.684835,0.689375,1.0344,12.4722
0.547526,1.00145,0.685127,0.689395,1.03439,12.4721
0.546528,1.00144,0.685415,0.689413,1.03439,12.472
0.54553,1.00144,0.685693,0.689424,1.03439,12.4718
0.544533,1.00143,0.685956,0.689422,1.03438,12.4717
0.543535,1.00142,0.686201,0.689403,1.03438,12.4716
0.542537,1.00141,0.686431,0.689368,1.03438,12.4714
0.54154,1.00141,0.686651,0.689324,1.03437,12.4713
0.540542,1.0014,0.686865,0.689272,1.03437,12.4712
0.539545,1.00139,0.687073,0.689214,1.03437,12.471
0.538547,1.00138,0.687279,0.689153,1.03436,12.4709
0.537549,1.00138,0.687483,0.689091,1.03436,12.4708
0.536552,1.00137,0.687687,0.689028,1.03436,12.4706
0.535554,1.00136,0.68789,0.688964,1.03435,12.4705
0.534556,1.00135,0.68809,0.688899,1.03435,12.4703
0.533559,1.00134,0.688284,0.688828,1.03435,12.4702
0.532561,1.00134,0.688468,0.688749,1.03434,12.47
0.531564,1.00133,0.688638,0.688656,1.03434,12.4699
0.530566,1.00132,0.688792,0.688545,1.03433,12.4697
0.529568,1.00131,0.688928,0.688417,1.03433,12.4696
0.528571,1.0013,0.68905,0.688275,1.03433,12.4694
0.527573,1.00129,0.68916,0.688122,1.03432,12.4693
0.526575,1.00128,0.68926,0.687961,1.03432,12.4691
0.525578,1.00127,0.689349,0.687792,1.03432,12.469
0.52458,1.00126,0.689432,0.687619,1.03431,12.4688
0.523583,1.00125,0.689512,0.687447,1.03431,12.4686
0.522585,1.00125,0.689594,0.687282,1.0343,12.4685
0.521587,1.00124,0.689685,0.687128,1.0343,12.4683
0.52059,1.00123,0.689787,0.686989,1.0343,12.4681
0.519592,1.00122,0.689904,0.686868,1.03429,12.468
0.518594,1.00121,0.690042,0.686769,1.03429,12.4678
0.517597,1.0012,0.690205,0.686697,1.03428,12.4676
0.516599,1.00119,0.690393,0.686652,1.03428,12.4675
0.515602,1.00118,0.690603,0.686632,1.03428,12.4673
0.514604,1.00117,0.690834,0.686633,1.03427,12.4671
0.513606,1.00116,0.691086,0.686657,1.03427,12.467
0.512609,1.00115,0.69136,0.686705,1.03426,12.4668
0.511611,1.00114,0.691659,0.68678,1.03426,12.4666
0.510613,1.00113,0.691982,0.68688,1.03426,12.4664
0.509616,1.00112,0.692327,0.687005,1.03425,12.4663
0.508618,1.00111,0.69269,0.68715,1.03425,12.4661
0.507621,1.0011,0.693065,0.687309,1.03424,12.4659
0.506623,1.00109,0.693446,0.687477,1.03424,12.4658
0.505625,1.00108,0.693831,0.68765,1.03424,12.4656
0.504628,1.00107,0.69422,0.687832,1.03423,12.4654
0.50363,1.00106,0.694622,0.688028,1.03423,12.4652
0.502632,1.00105,0.695039,0.688241,1.03422,12.465
0.501635,1.00104,0.695473,0.688472,1.03422,12.4649
0.500637,1.00103,0.69592,0.688717,1.03422,12.4647
0.49964,1.00102,0.696372,0.688969,1.03421,12.4645
0.498642,1.00101,0.696822,0.68922,1.03421,12.4643
0.497644,1.001,0.697265,0.689467,1.0342,12.4641
0.496647,1.00099,0.697702,0.689709,1.0342,12.464
0.495649,1.00097,0.698132,0.689947,1.03419,12.4638
0.494651,1.00096,0.698555,0.690179,1.03419,12.4636
0.493654,1.00095,0.698967,0.690402,1.03418,12.4634
0.492656,1.00094,0.699364,0.690609,1.03418,12.4632
0.491659,1.00093,0.699737,0.690793,1.03418,12.463
0.490661,1.00092,0.700082,0.690947,1.03417,12.4628
0.489663,1.00091,0.700396,0.691072,1.03417,12.4626
0.488666,1.0009,0.700687,0.691174,1.03416,12.4625
0.487668,1.00089,0.700968,0.691265,1.03416,12.4623
0.48667,1.00088,0.701245,0.691351,1.03415,12.4621
0.485673,1.00087,0.701519,0.691435,1.03415,12.4619
0.484675,1.00086,0.70179,0.691516,1.03414,12.4617
0.483678,1.00085,0.702057,0.691595,1.03414,12.4615
0.48268,1.00083,0.702323,0.691674,1.03413,12.4613
0.481682,1.00082,0.702587,0.691752,1.03413,12.4611
0.480685,1.00081,0.702841,0.691824,1.03412,12.4609
0.479687,1.0008,0.703073,0.691877,1.03412,12.4607
0.478689,1.00079,0.70327,0.6919,1.03411,12.4605
0.477692,1.00078,0.703425,0.691885,1.03411,12.4603
0.476694,1.00076,0.703536,0.691831,1.0341,12.4601
0.475697,1.00075,0.703609,0.691743,1.0341,12.4599
0.474699,1.00074,0.703655,0.691632,1.0341,12.4597
0.473701,1.00073,0.703685,0.691508,1.03409,12.4594
0.472704,1.00071,0.703706,0.691377,1.03409,12.4592
0.471706,1.0007,0.703716,0.691238,1.03408,12.459
0.470708,1.00069,0.703714,0.691088,1.03408,12.4588
0.469711,1.00068,0.703699,0.69093,1.03407,12.4586
0.468713,1.00066,0.703679,0.690768,1.03407,12.4584
0.467716,1.00065,0.703663,0.690613,1.03406,12.4581
0.466718,1.00064,0.703663,0.690476,1.03406,12.4579
0.46572,1.00063,0.703688,0.690365,1.03405,12.4577
0.464723,1.00061,0.70374,0.690283,1.03405,12.4575
0.463725,1.0006,0.703817,0.690229,1.03404,12.4572
0.462727,1.00059,0.703912,0.690198,1.03404,12.457
0.46173,1.00057,0.704023,0.690184,1.03403,12.4568
0.460732,1.00056,0.704147,0.690188,1.03403,12.4566
0.459735,1.00055,0.704289,0.690211,1.03402,12.4564
0.458737,1.00054,0.704449,0.690255,1.03402,12.4562
0.457739,1.00052,0.704622,0.690315,1.03401,12.4559
0.456742,1.00051,0.704799,0.690379,1.03401,12.4557
0.455744,1.0005,0.704966,0.690437,1.034,12.4555
0.454746,1.00049,0.705114,0.690477,1.034,12.4553
0.453749,1.00047,0.705241,0.6905,1.03399,12.4551
0.452751,1.00046,0.705353,0.690511,1.03399,12.4549
0.451754,1.00045,0.705461,0.69052,1.03398,12.4546
0.450756,1.00044,0.705573,0.690535,1.03398,12.4544
0.449758,1.00042,0.705698,0.690563,1.03397,12.4542
0.448761,1.00041,0.70584,0.690608,1.03396,12.454
0.447763,1.0004,0.706004,0.690673,1.03396,12.4538
0.446765,1.00039,0.706192,0.69076,1.03395,12.4536
0.445768,1.00037,0.706404,0.690867,1.03395,12.4534
0.44477,1.00036,0.706634,0.69099,1.03394,12.4531
0.443773,1.00035,0.706877,0.691125,1.03394,12.4529
0.442775,1.00034,0.707128,0.691269,1.03393,12.4527
0.441777,1.00033,0.707385,0.691419,1.03393,12.4525
0.44078,1.00031,0.70765,0.691578,1.03392,12.4523
0.439782,1.0003,0.707927,0.691755,1.03392,12.452
0.438784,1.00029,0.708228,0.691959,1.03391,12.4518
0.437787,1.00027,0.708558,0.692196,1.03391,12.4516
0.436789,1.00026,0.708917,0.692467,1.0339,12.4514
0.435792,1.00025,0.709297,0.692764,1.0339,12.4511
0.434794,1.00023,0.709686,0.693076,1.03389,12.4509
0.433796,1.00022,0.710069,0.693389,1.03389,12.4507
0.432799,1.00021,0.710438,0.693696,1.03388,12.4504
0.431801,1.00019,0.710787,0.693988,1.03388,12.4502
0.430803,1.00018,0.711115,0.694264,1.03387,12.45
0.429806,1.00017,0.711428,0.694529,1.03386,12.4497
0.428808,1.00015,0.711732,0.694789,1.03386,12.4495
0.427811,1.00014,0.712037,0.69505,1.03385,12.4493
0.426813,1.00013,0.712353,0.695324,1.03385,12.449
0.425815,1.00011,0.712688,0.695616,1.03384,12.4488
0.424818,1.0001,0.713041,0.695927,1.03384,12.4486
0.42382,1.00008,0.713401,0.696245,1.03383,12.4483
0.422822,1.00007,0.713751,0.696556,1.03382,12.4481
0.421825,1.00006,0.714077,0.696848,1.03382,12.4478
0.420827,1.00004,0.714373,0.697113,1.03381,12.4476
0.41983,1.00003,0.714642,0.697357,1.03381,12.4474
0.418832,1.00002,0.714893,0.697588,1.0338,12.4471
0.417834,1,0.715135,0.697813,1.0338,12.4469
0.416837,0.999991,0.715373,0.698038,1.03379,12.4467
0.415839,0.999977,0.715612,0.698268,1.03378,12.4464
0.414841,0.999964,0.715851,0.698501,1.03378,12.4462
0.413844,0.999951,0.716083,0.69873,1.03377,12.4459
0.412846,0.999937,0.7163,0.698947,1.03377,12.4457
0.411849,0.999924,0.716495,0.699144,1.03376,12.4455
0.410851,0.99991,0.716671,0.699323,1.03375,12.4452
0.409853,0.999896,0.716831,0.699486,1.03375,12.445
0.408856,0.999883,0.716981,0.699638,1.03374,12.4447
0.407858,0.999869,0.717125,0.699784,1.03374,12.4445
0.40686,0.999856,0.717265,0.699925,1.03373,12.4443
0.405863,0.999842,0.717401,0.700063,1.03372,12.444
0.404865,0.999829,0.717534,0.700199,1.03372,12.4438
0.403868,0.999816,0.717665,0.700333,1.03371,12.4435
0.40287,0.999802,0.717793,0.700466,1.03371,12.4433
0.401872,0.999789,0.717915,0.700595,1.0337,12.4431
0.400875,0.999775,0.718025,0.700715,1.0337,12.4428
0.399877,0.999761,0.718116,0.700818,1.03369,12.4426
0.398879,0.999747,0.718185,0.700902,1.03368,12.4423
0.397882,0.999734,0.718229,0.700964,1.03368,12.4421
0.396884,0.99972,0.718251,0.701006,1.03367,12.4419
0.395887,0.999705,0.718252,0.70103,1.03367,12.4416
0.394889,0.999691,0.718237,0.70104,1.03366,12.4414
0.393891,0.999678,0.71821,0.701042,1.03366,12.4411
0.392894,0.999664,0.718183,0.701047,1.03365,12.4409
0.391896,0.99965,0.718164,0.701063,1.03364,12.4407
0.390898,0.999636,0.718161,0.701099,1.03364,12.4404
0.389901,0.999623,0.718177,0.701155,1.03363,12.4402
0.388903,0.999609,0.718213,0.701235,1.03363,12.4399
0.387906,0.999595,0.718271,0.701336,1.03362,12.4397
0.386908,0.999581,0.71835,0.701461,1.03361,12.4394
0.38591,0.999568,0.718451,0.701609,1.03361,12.4392
0.384913,0.999554,0.71857,0.701778,1.0336,12.439
0.383915,0.99954,0.718707,0.701966,1.0336,12.4387
0.382917,0.999526,0.718864,0.702176,1.03359,12.4385
0.38192,0.999512,0.719043,0.702411,1.03359,12.4383
0.380922,0.999499,0.719245,0.702671,1.03358,12.438
0.379925,0.999485,0.719468,0.702955,1.03358,12.4378
0.378927,0.999472,0.719709,0.703259,1.03357,12.4376
0.377929,0.999458,0.719969,0.703585,1.03357,12.4373
0.376932,0.999445,0.720244,0.703929,1.03356,12.4371
0.375934,0.999432,0.720531,0.704286,1.03355,12.4369
0.374936,0.999419,0.720824,0.704654,1.03355,12.4366
0.373939,0.999406,0.721123,0.70503,1.03354,12.4364
0.372941,0.999392,0.721432,0.705419,1.03354,12.4362
0.371944,0.999379,0.721757,0.705825,1.03353,12.4359
0.370946,0.999366,0.722097,0.706249,1.03353,12.4357
0.369948,0.999352,0.722445,0.706682,1.03352,12.4355
0.368951,0.999339,0.72279,0.707114,1.03352,12.4352
0.367953,0.999326,0.723124,0.707537,1.03351,12.435
0.366955,0.999313,0.723442,0.707947,1.03351,12.4348
0.365958,0.9993,0.723747,0.708346,1.0335,12.4346
0.36496,0.999287,0.724037,0.708731,1.03349,12.4343
0.363963,0.999274,0.724314,0.709103,1.03349,12.4341
0.362965,0.999261,0.724574,0.709459,1.03348,12.4339
0.361967,0.999249,0.724814,0.709796,1.03348,12.4337
0.36097,0.999236,0.725031,0.710111,1.03347,12.4334
0.359972,0.999223,0.725222,0.710402,1.03347,12.4332
0.358974,0.99921,0.72539,0.710672,1.03346,12.433
0.357977,0.999198,0.725545,0.710928,1.03346,12.4328
0.356979,0.999185,0.725692,0.711178,1.03345,12.4326
0.355982,0.999172,0.725838,0.711426,1.03345,12.4323
0.354984,0.99916,0.725981,0.711672,1.03344,12.4321
0.353986,0.999147,0.726119,0.711914,1.03344,12.4319
0.352989,0.999134,0.726252,0.712154,1.03343,12.4317
0.351991,0.999121,0.726377,0.712388,1.03342,12.4314
0.350993,0.999109,0.726486,0.712609,1.03342,12.4312
0.349996,0.999096,0.726563,0.712802,1.03341,12.431
0.348998,0.999083,0.726596,0.712956,1.03341,12.4308
0.348001,0.99907,0.726583,0.713068,1.0334,12.4305
0.347003,0.999057,0.726529,0.713144,1.0334,12.4303
0.346005,0.999044,0.726446,0.713194,1.03339,12.4301
0.345008,0.99903,0.726342,0.713227,1.03339,12.4299
0.34401,0.999017,0.726223,0.713249,1.03338,12.4296
0.343012,0.999004,0.726091,0.713259,1.03338,12.4294
0.342015,0.998991,0.725944,0.713256,1.03337,12.4292
0.341017,0.998977,0.725782,0.713243,1.03337,12.429
0.34002,0.998964,0.725615,0.713226,1.03336,12.4287
0.339022,0.998951,0.725453,0.713218,1.03336,12.4285
0.338024,0.998938,0.725307,0.713226,1.03335,12.4283
0.337027,0.998925,0.725179,0.713256,1.03335,12.4281
0.336029,0.998912,0.72507,0.713306,1.03334,12.4278
0.335031,0.998899,0.724977,0.713375,1.03334,12.4276
0.334034,0.998887,0.724898,0.713461,1.03333,12.4274
0.333036,0.998874,0.724833,0.713565,1.03333,12.4272
0.332039,0.998862,0.724787,0.713691,1.03332,12.427
0.331041,0.998849,0.724766,0.713844,1.03332,12.4268
0.330043,0.998837,0.724768,0.714022,1.03331,12.4266
0.329046,0.998825,0.724784,0.714217,1.03331,12.4263
0.328048,0.998813,0.724802,0.714415,1.0333,12.4261
0.32705,0.998801,0.724807,0.714602,1.0333,12.4259
0.326053,0.998789,0.72479,0.71477,1.03329,12.4257
0.325055,0.998778,0.724749,0.714915,1.03329,12.4255
0.324058,0.998766,0.724691,0.715047,1.03328,12.4253
0.32306,0.998755,0.724628,0.715176,1.03328,12.4251
0.322062,0.998744,0.724573,0.715313,1.03328,12.4249
0.321065,0.998733,0.724531,0.715465,1.03327,12.4247
0.320067,0.998722,0.724508,0.715634,1.03327,12.4246
0.319069,0.998711,0.724503,0.715822,1.03326,12.4244
0.318072,0.9987,0.724521,0.716029,1.03326,12.4242
0.317074,0.998689,0.724563,0.716259,1.03325,12.424
0.316077,0.998678,0.724627,0.716508,1.03325,12.4238
0.315079,0.998668,0.724709,0.716774,1.03324,12.4236
0.314081,0.998657,0.724803,0.717052,1.03324,12.4234
0.313084,0.998646,0.724906,0.717341,1.03323,12.4232
0.312086,0.998636,0.72502,0.717643,1.03323,12.4231
0.311088,0.998625,0.725149,0.717964,1.03323,12.4229
0.310091,0.998614,0.725301,0.718312,1.03322,12.4227
0.309093,0.998603,0.725476,0.71869,1.03322,12.4225
0.308096,0.998592,0.725672,0.719092,1.03321,12.4223
0.307098,0.998581,0.725873,0.719506,1.03321,12.4221
0.3061,0.99857,0.726066,0.719918,1.0332,12.4219
0.305103,0.998559,0.726239,0.720316,1.0332,12.4217
0.304105,0.998548,0.726388,0.720696,1.0332,12.4215
0.303107,0.998537,0.726516,0.72106,1.03319,12.4214
0.30211,0.998527,0.726631,0.721414,1.03319,12.4212
0.301112,0.998516,0.726743,0.721768,1.03318,12.421
0.300115,0.998506,0.726863,0.72213,1.03318,12.4208
0.299117,0.998495,0.726996,0.722508,1.03317,12.4206
0.298119,0.998485,0.727144,0.722901,1.03317,12.4204
0.297122,0.998474,0.727299,0.723303,1.03316,12.4203
0.296124,0.998464,0.72745,0.723702,1.03316,12.4201
0.295126,0.998454,0.727585,0.724087,1.03316,12.4199
0.294129,0.998443,0.727695,0.724449,1.03315,12.4197
0.293131,0.998433,0.727778,0.724786,1.03315,12.4195
0.292134,0.998424,0.727835,0.725101,1.03314,12.4194
0.291136,0.998414,0.72787,0.725399,1.03314,12.4192
0.290138,0.998405,0.727892,0.725686,1.03313,12.419
0.289141,0.998395,0.727907,0.72597,1.03313,12.4189
0.288143,0.998386,0.727924,0.726259,1.03313,12.4187
0.287145,0.998377,0.727949,0.726559,1.03312,12.4185
0.286148,0.998367,0.727978,0.726866,1.03312,12.4184
0.28515,0.998358,0.728003,0.72717,1.03311,12.4182
0.284153,0.998349,0.728011,0.727459,1.03311,12.418
0.283155,0.998339,0.727995,0.727724,1.0331,12.4179
0.282157,0.99833,0.727956,0.727964,1.0331,12.4177
0.28116,0.998321,0.727898,0.728185,1.0331,12.4175
0.280162,0.998312,0.727828,0.728392,1.03309,12.4174
0.279164,0.998303,0.727748,0.728589,1.03309,12.4172
0.278167,0.998294,0.727661,0.72878,1.03308,12.4171
0.277169,0.998286,0.727573,0.728969,1.03308,12.4169
0.276172,0.998277,0.727487,0.729161,1.03308,12.4168
0.275174,0.998269,0.727402,0.729356,1.03307,12.4166
0.274176,0.99826,0.727316,0.729551,1.03307,12.4165
0.273179,0.998252,0.727222,0.72974,1.03307,12.4163
0.272181,0.998244,0.727114,0.729916,1.03306,12.4162
0.271183,0.998235,0.726985,0.730071,1.03306,12.416
0.270186,0.998227,0.726833,0.730203,1.03306,12.4159
0.269188,0.998219,0.726656,0.730311,1.03305,12.4157
0.268191,0.99821,0.726457,0.730398,1.03305,12.4156
0.267193,0.998202,0.726241,0.730469,1.03304,12.4154
0.266195,0.998194,0.726016,0.730532,1.03304,12.4153
0.265198,0.998186,0.725789,0.730596,1.03304,12.4152
0.2642,0.998178,0.725569,0.73067,1.03303,12.415
0.263202,0.998171,0.725362,0.73076,1.03303,12.4149
0.262205,0.998163,0.725169,0.730868,1.03303,12.4148
0.261207,0.998155,0.72499,0.730993,1.03303,12.4146
0.26021,0.998148,0.724828,0.731137,1.03302,12.4145
0.259212,0.99814,0.724685,0.731302,1.03302,12.4144
0.258214,0.998133,0.724565,0.73149,1.03302,12.4142
0.257217,0.998126,0.724466,0.731701,1.03301,12.4141
0.256219,0.998118,0.724386,0.731933,1.03301,12.414
0.255221,0.998111,0.724328,0.732188,1.03301,12.4139
0.254224,0.998104,0.72429,0.732465,1.03301,12.4137
0.253226,0.998097,0.72427,0.732764,1.033,12.4136
0.252229,0.998091,0.724266,0.733079,1.033,12.4135
0.251231,0.998084,0.724273,0.733409,1.033,12.4134
0.250233,0.998078,0.724294,0.733754,1.033,12.4133
0.249236,0.998072,0.724327,0.734112,1.03299,12.4132
0.248238,0.998066,0.724371,0.734483,1.03299,12.4131
0.24724,0.998061,0.724423,0.734864,1.03299,12.413
0.246243,0.998055,0.724485,0.735257,1.03299,12.4129
0.245245,0.998049,0.724561,0.735666,1.03298,12.4128
0.244248,0.998043,0.724656,0.736097,1.03298,12.4127
0.24325,0.998038,0.724769,0.736547,1.03298,12.4126
0.242252,0.998032,0.724891,0.737007,1.03298,12.4125
0.241255,0.998027,0.725007,0.737462,1.03297,12.4124
0.240257,0.998022,0.725102,0.737898,1.03297,12.4123
0.239259,0.998016,0.725172,0.73831,1.03297,12.4122
0.238262,0.998012,0.725219,0.7387,1.03297,12.4121
0.237264,0.998007,0.725248,0.739073,1.03297,12.4121
0.236267,0.998002,0.725264,0.739433,1.03296,12.412
0.235269,0.997998,0.725268,0.739781,1.03296,12.4119
0.234271,0.997994,0.72526,0.740114,1.03296,12.4118
0.233274,0.99799,0.725235,0.740431,1.03296,12.4117
0.232276,0.997986,0.725189,0.740726,1.03296,12.4117
0.231278,0.997982,0.725124,0.741,1.03295,12.4116
0.230281,0.997978,0.725044,0.741259,1.03295,12.4115
0.229283,0.997974,0.724959,0.741511,1.03295,12.4115
0.228286,0.99797,0.724873,0.741758,1.03295,12.4114
0.227288,0.997966,0.724783,0.742,1.03295,12.4113
0.22629,0.997962,0.724686,0.742233,1.03295,12.4113
0.225293,0.997959,0.724575,0.742452,1.03294,12.4112
0.224295,0.997955,0.724446,0.742654,1.03294,12.4111
0.223297,0.997952,0.724291,0.74283,1.03294,12.4111
0.2223,0.997948,0.7241,0.742971,1.03294,12.411
0.221302,0.997945,0.72387,0.743076,1.03294,12.411
0.220305,0.997941,0.723607,0.743148,1.03294,12.4109
0.219307,0.997938,0.723318,0.743197,1.03294,12.4108
0.218309,0.997934,0.723009,0.743229,1.03294,12.4108
0.217312,0.997931,0.722683,0.743244,1.03293,12.4107
0.216314,0.997927,0.722338,0.743243,1.03293,12.4107
0.215316,0.997924,0.721975,0.743225,1.03293,12.4106
0.214319,0.997921,0.721596,0.743192,1.03293,12.4106
0.213321,0.997918,0.721207,0.743151,1.03293,12.4105
0.212324,0.997915,0.720816,0.743109,1.03293,12.4105
0.211326,0.997912,0.720431,0.743074,1.03293,12.4104
0.210328,0.997909,0.720057,0.743053,1.03293,12.4104
0.209331,0.997907,0.719697,0.743045,1.03293,12.4103
0.208333,0.997904,0.719349,0.743051,1.03293,12.4103
0.207335,0.997902,0.719013,0.74307,1.03293,12.4103
0.206338,0.9979,0.718694,0.743106,1.03292,12.4102
0.20534,0.997898,0.718394,0.743164,1.03292,12.4102
0.204343,0.997896,0.718118,0.743247,1.03292,12.4102
0.203345,0.997895,0.717864,0.743355,1.03292,12.4102
0.202347,0.997894,0.717628,0.743483,1.03292,12.4101
0.20135,0.997893,0.717402,0.743622,1.03292,12.4101
0.200352,0.997892,0.717179,0.743764,1.03292,12.4101
0.199354,0.997891,0.71695,0.743902,1.03292,12.4101
0.198357,0.997891,0.71671,0.744028,1.03292,12.4101
0.197359,0.997891,0.716454,0.744137,1.03292,12.4101
0.196362,0.997891,0.716181,0.744229,1.03292,12.4101
0.195364,0.997891,0.715899,0.744312,1.03292,12.4101
0.194366,0.997891,0.715615,0.744393,1.03292,12.4101
0.193369,0.997891,0.715339,0.744482,1.03292,12.4101
0.192371,0.997892,0.715076,0.744583,1.03292,12.4101
0.191373,0.997892,0.714828,0.744701,1.03292,12.4101
0.190376,0.997893,0.714598,0.744836,1.03292,12.4101
0.189378,0.997894,0.714387,0.744989,1.03292,12.4102
0.188381,0.997895,0.714193,0.745159,1.03293,12.4102
0.187383,0.997897,0.714016,0.745343,1.03293,12.4102
0.186385,0.997898,0.713857,0.745543,1.03293,12.4102
0.185388,0.997899,0.713715,0.745757,1.03293,12.4103
0.18439,0.997901,0.713591,0.745987,1.03293,12.4103
0.183392,0.997902,0.713486,0.746236,1.03293,12.4103
0.182395,0.997904,0.713402,0.746506,1.03293,12.4103
0.181397,0.997905,0.713337,0.746799,1.03293,12.4104
0.1804,0.997907,0.713287,0.747108,1.03293,12.4104
0.179402,0.997909,0.713239,0.747424,1.03293,12.4104
0.178404,0.99791,0.713182,0.747732,1.03293,12.4105
0.177407,0.997912,0.713104,0.748022,1.03293,12.4105
0.176409,0.997914,0.713002,0.74829,1.03293,12.4105
0.175411,0.997917,0.71288,0.748542,1.03294,12.4106
0.174414,0.997919,0.71275,0.748787,1.03294,12.4106
0.173416,0.997922,0.712619,0.749035,1.03294,12.4107
0.172419,0.997924,0.712497,0.749292,1.03294,12.4107
0.171421,0.997927,0.712389,0.749563,1.03294,12.4107
0.170423,0.99793,0.712295,0.749848,1.03294,12.4108
0.169426,0.997932,0.712207,0.750139,1.03294,12.4108
0.168428,0.997935,0.712115,0.750425,1.03294,12.4109
0.16743,0.997938,0.712008,0.750693,1.03294,12.4109
0.166433,0.997941,0.711877,0.750935,1.03294,12.411
0.165435,0.997944,0.71172,0.751148,1.03295,12.411
0.164438,0.997948,0.711537,0.751336,1.03295,12.4111
0.16344,0.997952,0.711332,0.751501,1.03295,12.4112
0.162442,0.997956,0.71111,0.751649,1.03295,12.4112
0.161445,0.99796,0.710876,0.751784,1.03295,12.4113
0.160447,0.997965,0.710636,0.751914,1.03295,12.4114
0.159449,0.997969,0.710399,0.752048,1.03295,12.4115
0.158452,0.997974,0.710172,0.752192,1.03296,12.4115
0.157454,0.997979,0.709953,0.752345,1.03296,12.4116
0.156457,0.997983,0.709734,0.752498,1.03296,12.4117
0.155459,0.997988,0.709505,0.752638,1.03296,12.4118
0.154461,0.997993,0.709256,0.752755,1.03296,12.4119
0.153464,0.997998,0.708986,0.752849,1.03296,12.4119
0.152466,0.998003,0.708699,0.752921,1.03297,12.412
0.151468,0.998009,0.708399,0.752978,1.03297,12.4121
0.150471,0.998014,0.708091,0.753025,1.03297,12.4122
0.149473,0.99802,0.707781,0.753066,1.03297,12.4123
0.148476,0.998026,0.707469,0.753103,1.03298,12.4124
0.147478,0.998031,0.707158,0.75314,1.03298,12.4125
0.14648,0.998038,0.706847,0.753176,1.03298,12.4126
0.145483,0.998044,0.706536,0.753211,1.03298,12.4127
0.144485,0.99805,0.706224,0.753242,1.03298,12.4128
0.143487,0.998056,0.705907,0.753266,1.03299,12.4129
0.14249,0.998063,0.705582,0.75328,1.03299,12.413
0.141492,0.998069,0.705246,0.753279,1.03299,12.4132
0.140495,0.998076,0.704897,0.753261,1.03299,12.4133
0.139497,0.998082,0.704535,0.753226,1.033,12.4134
0.138499,0.998089,0.704158,0.753173,1.033,12.4135
0.137502,0.998096,0.703767,0.753103,1.033,12.4136
0.136504,0.998103,0.703364,0.753018,1.03301,12.4137
0.135506,0.99811,0.702955,0.752928,1.03301,12.4139
0.134509,0.998117,0.702548,0.75284,1.03301,12.414
0.133511,0.998125,0.70215,0.752762,1.03301,12.4141
0.132514,0.998132,0.701761,0.752696,1.03302,12.4142
0.131516,0.99814,0.701384,0.752644,1.03302,12.4144
0.130518,0.998147,0.701022,0.752607,1.03302,12.4145
0.129521,0.998155,0.700679,0.75259,1.03303,12.4146
0.128523,0.998163,0.700356,0.752594,1.03303,12.4148
0.127525,0.99817,0.700051,0.752617,1.03303,12.4149
0.126528,0.998179,0.699763,0.752655,1.03304,12.4151
0.12553,0.998187,0.69949,0.752709,1.03304,12.4152
0.124533,0.998195,0.699231,0.752779,1.03305,12.4154
0.123535,0.998204,0.698988,0.752865,1.03305,12.4155
0.122537,0.998213,0.698762,0.752967,1.03305,12.4157
0.12154,0.998222,0.698555,0.753089,1.03306,12.4158
0.120542,0.998231,0.698367,0.753231,1.03306,12.416
0.119544,0.998241,0.698198,0.75339,1.03307,12.4162
0.118547,0.99825,0.698045,0.753563,1.03307,12.4163
0.117549,0.99826,0.697907,0.753749,1.03307,12.4165
0.116552,0.99827,0.697784,0.753951,1.03308,12.4167
0.115554,0.99828,0.69768,0.75417,1.03308,12.4168
0.114556,0.99829,0.697595,0.754409,1.03309,12.417
0.113559,0.9983,0.697526,0.754664,1.03309,12.4172
0.112561,0.99831,0.697464,0.754924,1.03309,12.4174
0.111563,0.99832,0.697394,0.755174,1.0331,12.4175
0.110566,0.99833,0.697302,0.7554,1.0331,12.4177
0.109568,0.998341,0.697182,0.755593,1.03311,12.4179
0.108571,0.998352,0.697035,0.755757,1.03311,12.4181
0.107573,0.998363,0.696871,0.755899,1.03312,12.4183
0.106575,0.998374,0.696694,0.756025,1.03312,12.4185
0.105578,0.998385,0.696506,0.756136,1.03312,12.4187
0.10458,0.998397,0.696309,0.756233,1.03313,12.4189
0.103582,0.998409,0.696101,0.756314,1.03313,12.4191
0.102585,0.99842,0.695879,0.756378,1.03314,12.4193
0.101587,0.998432,0.695643,0.756423,1.03314,12.4195
0.10059,0.998444,0.695396,0.756452,1.03315,12.4197
0.0995919,0.998456,0.695145,0.756473,1.03315,12.4199
0.0985943,0.998468,0.694894,0.75649,1.03316,12.4201
0.0975967,0.99848,0.694643,0.756503,1.03316,12.4203
0.096599,0.998492,0.694387,0.756506,1.03317,12.4205
0.0956014,0.998504,0.694123,0.756495,1.03317,12.4207
0.0946038,0.998516,0.693846,0.756468,1.03318,12.4209
0.0936062,0.998528,0.693555,0.75642,1.03318,12.4212
0.0926085,0.998541,0.693243,0.756346,1.03319,12.4214
0.0916109,0.998553,0.692906,0.756242,1.03319,12.4216
0.0906133,0.998565,0.692544,0.756109,1.0332,12.4218
0.0896157,0.998577,0.692159,0.75595,1.0332,12.422
0.088618,0.998589,0.691755,0.755769,1.03321,12.4222
0.0876204,0.998601,0.691333,0.755568,1.03321,12.4224
0.0866228,0.998614,0.690892,0.755346,1.03322,12.4227
0.0856252,0.998626,0.690433,0.755102,1.03322,12.4229
0.0846275,0.998639,0.689954,0.754837,1.03323,12.4231
0.0836299,0.998651,0.689461,0.754554,1.03324,12.4233
0.0826323,0.998664,0.688957,0.754257,1.03324,12.4235
0.0816347,0.998676,0.688449,0.753955,1.03325,12.4238
0.080637,0.998689,0.687944,0.753652,1.03325,12.424
0.0796394,0.998702,0.687445,0.753355,1.03326,12.4242
0.0786418,0.998715,0.686956,0.753066,1.03326,12.4244
0.0776442,0.998727,0.686481,0.752791,1.03327,12.4247
0.0766465,0.99874,0.686023,0.752531,1.03327,12.4249
0.0756489,0.998753,0.685584,0.752291,1.03328,12.4251
0.0746513,0.998767,0.685164,0.75207,1.03329,12.4254
0.0736537,0.99878,0.684765,0.751869,1.03329,12.4256
0.072656,0.998794,0.684388,0.75169,1.0333,12.4258
0.0716584,0.998808,0.68403,0.751528,1.0333,12.4261
0.0706608,0.998822,0.683687,0.751381,1.03331,12.4263
0.0696632,0.998837,0.683354,0.751242,1.03332,12.4266
0.0686655,0.998851,0.683025,0.751106,1.03332,12.4269
0.0676679,0.998866,0.682693,0.750964,1.03333,12.4271
0.0666703,0.998881,0.682355,0.750813,1.03334,12.4274
0.0656727,0.998896,0.682009,0.750651,1.03334,12.4276
0.064675,0.99891,0.681657,0.750478,1.03335,12.4279
0.0636774,0.998925,0.681301,0.750297,1.03335,12.4282
0.0626798,0.998941,0.680946,0.750114,1.03336,12.4284
0.0616822,0.998956,0.680598,0.749933,1.03337,12.4287
0.0606845,0.998971,0.68026,0.74976,1.03337,12.429
0.0596869,0.998986,0.679936,0.749599,1.03338,12.4292
0.0586893,0.999002,0.679627,0.749451,1.03339,12.4295
0.0576917,0.999017,0.679332,0.749314,1.03339,12.4298
0.056694,0.999033,0.679049,0.749189,1.0334,12.43
0.0556964,0.999049,0.678779,0.749073,1.0334,12.4303
0.0546988,0.999064,0.678522,0.748967,1.03341,12.4306
0.0537012,0.99908,0.678281,0.748873,1.03342,12.4308
0.0527035,0.999096,0.678059,0.748795,1.03342,12.4311
0.0517059,0.999111,0.677859,0.748738,1.03343,12.4314
0.0507083,0.999127,0.677682,0.748702,1.03344,12.4317
0.0497107,0.999143,0.677527,0.748687,1.03344,12.4319
0.048713,0.999158,0.67739,0.748689,1.03345,12.4322
0.0477154,0.999174,0.677265,0.7487,1.03346,12.4325
0.0467178,0.999189,0.677142,0.748711,1.03346,12.4328
0.0457202,0.999205,0.677014,0.748713,1.03347,12.433
0.0447225,0.999221,0.676873,0.748698,1.03348,12.4333
0.0437249,0.999236,0.676718,0.748665,1.03348,12.4336
0.0427273,0.999252,0.676549,0.748616,1.03349,12.4339
0.0417297,0.999268,0.676373,0.748558,1.0335,12.4341
0.040732,0.999284,0.676198,0.748499,1.0335,12.4344
0.0397344,0.999301,0.676032,0.748446,1.03351,12.4347
0.0387368,0.999317,0.67588,0.748404,1.03352,12.435
0.0377392,0.999333,0.675742,0.748375,1.03352,12.4353
0.0367415,0.999349,0.675615,0.748354,1.03353,12.4355
0.0357439,0.999365,0.675493,0.748336,1.03354,12.4358
0.0347463,0.99938,0.675367,0.748312,1.03354,12.4361
0.0337487,0.999397,0.67523,0.748273,1.03355,12.4364
0.032751,0.999413,0.675077,0.748212,1.03356,12.4366
0.0317534,0.999429,0.674903,0.748126,1.03356,12.4369
0.0307558,0.999445,0.674709,0.748013,1.03357,12.4372
0.0297582,0.999462,0.6745,0.74788,1.03358,12.4375
0.0287605,0.999478,0.674282,0.747733,1.03358,12.4378
0.0277629,0.999495,0.67406,0.747576,1.03359,12.4381
0.0267653,0.999512,0.673839,0.747417,1.0336,12.4384
0.0257677,0.999528,0.673623,0.747261,1.0336,12.4386
0.02477,0.999545,0.673415,0.74711,1.03361,12.4389
0.0237724,0.999562,0.673212,0.746962,1.03362,12.4392
0.0227748,0.999578,0.673008,0.74681,1.03362,12.4395
0.0217772,0.999595,0.672794,0.746643,1.03363,12.4398
0.0207795,0.999611,0.672566,0.746457,1.03364,12.4401
0.0197819,0.999628,0.672321,0.746249,1.03364,12.4404
0.0187843,0.999645,0.672063,0.746021,1.03365,12.4406
0.0177867,0.999661,0.671793,0.745775,1.03366,12.4409
0.016789,0.999678,0.671515,0.745516,1.03366,12.4412
0.0157914,0.999695,0.671234,0.745251,1.03367,12.4415
0.0147938,0.999712,0.670955,0.744983,1.03368,12.4418
0.0137962,0.999729,0.670679,0.744716,1.03368,12.4421
0.0127985,0.999745,0.670408,0.74445,1.03369,12.4424
0.0118009,0.999762,0.67014,0.744183,1.0337,12.4427
0.0108033,0.999779,0.669875,0.743915,1.0337,12.443
0.00980566,0.999796,0.66961,0.743642,1.03371,12.4432
0.00880804,0.999812,0.669343,0.743362,1.03372,12.4435
0.00781041,0.999829,0.669073,0.743073,1.03372,12.4438
0.00681279,0.999845,0.668799,0.742773,1.03373,12.4441
0.00581516,0.999862,0.668519,0.742462,1.03374,12.4444
0.00481754,0.999878,0.668232,0.742139,1.03374,12.4447
0.00381991,0.999894,0.667938,0.741802,1.03375,12.445
0.00282229,0.999911,0.667633,0.74145,1.03376,12.4453
0.00182466,0.999927,0.667318,0.741083,1.03376,12.4455
0.000827035,0.999943,0.666997,0.740707,1.03377,12.4458
-0.00017059,0.99996,0.666677,0.740327,1.03378,12.4461
-0.00116821,0.999976,0.666364,0.739952,1.03378,12.4464
-0.00216584,0.999992,0.66606,0.739585,1.03379,12.4467
-0.00316346,1.00001,0.665768,0.739229,1.0338,12.447
-0.00416109,1.00002,0.665489,0.738886,1.0338,12.4472
-0.00515871,1.00004,0.665227,0.738559,1.03381,12.4475
-0.00615634,1.00006,0.664983,0.738251,1.03382,12.4478
-0.00715396,1.00007,0.664759,0.737963,1.03382,12.4481
-0.00815159,1.00009,0.664555,0.737695,1.03383,12.4484
-0.00914922,1.0001,0.66437,0.737446,1.03384,12.4486
-0.0101468,1.00012,0.664201,0.737214,1.03384,12.4489
-0.0111445,1.00014,0.664049,0.736997,1.03385,12.4492
-0.0121421,1.00015,0.663913,0.736795,1.03386,12.4495
-0.0131397,1.00017,0.663796,0.736611,1.03386,12.4498
-0.0141373,1.00019,0.663699,0.736447,1.03387,12.4501
-0.015135,1.0002,0.663626,0.736306,1.03388,12.4503
-0.0161326,1.00022,0.663575,0.736185,1.03388,12.4506
-0.0171302,1.00023,0.663541,0.736079,1.03389,12.4509
-0.0181278,1.00025,0.663521,0.735985,1.0339,12.4512
-0.0191255,1.00027,0.663516,0.735902,1.0339,12.4515
-0.0201231,1.00028,0.663528,0.735835,1.03391,12.4518
-0.0211207,1.0003,0.663563,0.735788,1.03392,12.452
-0.0221183,1.00032,0.66362,0.735761,1.03392,12.4523
-0.023116,1.00033,0.663692,0.735747,1.03393,12.4526
-0.0241136,1.00035,0.663766,0.735731,1.03394,12.4529
-0.0251112,1.00036,0.66383,0.735701,1.03394,12.4531
-0.0261088,1.00038,0.663875,0.735647,1.03395,12.4534
-0.0271065,1.00039,0.663898,0.735566,1.03396,12.4537
-0.0281041,1.00041,0.663902,0.735461,1.03396,12.454
-0.0291017,1.00043,0.663892,0.735338,1.03397,12.4543
-0.0300993,1.00044,0.663872,0.735201,1.03398,12.4545
-0.031097,1.00046,0.663844,0.735049,1.03398,12.4548
-0.0320946,1.00047,0.663806,0.734881,1.03399,12.4551
-0.0330922,1.00049,0.663753,0.734693,1.034,12.4554
-0.0340898,1.00051,0.663685,0.734482,1.034,12.4556
-0.0350875,1.00052,0.663604,0.734252,1.03401,12.4559
-0.0360851,1.00054,0.663518,0.73401,1.03402,12.4562
-0.0370827,1.00055,0.663433,0.733765,1.03402,12.4564
-0.0380803,1.00057,0.663357,0.733523,1.03403,12.4567
-0.039078,1.00058,0.663286,0.733283,1.03403,12.457
-0.0400756,1.0006,0.663218,0.73304,1.03404,12.4573
-0.0410732,1.00061,0.663148,0.732791,1.03405,12.4575
-0.0420708,1.00063,0.663071,0.732531,1.03405,12.4578
-0.0430685,1.00064,0.662987,0.732258,1.03406,12.458
-0.0440661,1.00066,0.662892,0.731969,1.03406,12.4583
-0.0450637,1.00067,0.66278,0.731659,1.03407,12.4585
-0.0460613,1.00069,0.662649,0.731324,1.03408,12.4588
-0.047059,1.0007,0.662496,0.730962,1.03408,12.4591
-0.0480566,1.00072,0.662319,0.730574,1.03409,12.4593
-0.0490542,1.00073,0.66212,0.730161,1.0341,12.4595
-0.0500518,1.00074,0.661903,0.729726,1.0341,12.4598
-0.0510495,1.00076,0.661668,0.729271,1.03411,12.46
-0.0520471,1.00077,0.661418,0.728797,1.03411,12.4603
-0.0530447,1.00078,0.661154,0.728306,1.03412,12.4605
-0.0540423,1.0008,0.660878,0.727799,1.03412,12.4607
-0.05504,1.00081,0.660594,0.727281,1.03413,12.461
-0.0560376,1.00082,0.660305,0.726756,1.03414,12.4612
-0.0570352,1.00084,0.660018,0.726229,1.03414,12.4614
-0.0580328,1.00085,0.659737,0.725707,1.03415,12.4617
-0.0590305,1.00086,0.659468,0.725195,1.03415,12.4619
-0.0600281,1.00088,0.659216,0.7247,1.03416,12.4621
-0.0610257,1.00089,0.658986,0.724229,1.03416,12.4623
-0.0620233,1.0009,0.65878,0.723782,1.03417,12.4626
-0.063021,1.00091,0.658598,0.72336,1.03417,12.4628
-0.0640186,1.00093,0.658439,0.722961,1.03418,12.463
-0.0650162,1.00094,0.658301,0.722582,1.03419,12.4632
-0.0660138,1.00095,0.65818,0.722221,1.03419,12.4635
-0.0670115,1.00096,0.658075,0.721875,1.0342,12.4637
-0.0680091,1.00098,0.657982,0.721539,1.0342,12.4639
-0.0690067,1.00099,0.657894,0.721208,1.03421,12.4641
-0.0700043,1.001,0.657808,0.720877,1.03421,12.4644
-0.071002,1.00102,0.657718,0.720541,1.03422,12.4646
-0.0719996,1.00103,0.657621,0.720196,1.03422,12.4648
-0.0729972,1.00104,0.65752,0.719844,1.03423,12.465
-0.0739948,1.00105,0.657417,0.719487,1.03423,12.4652
-0.0749925,1.00107,0.657319,0.719131,1.03424,12.4655
-0.0759901,1.00108,0.65723,0.718782,1.03425,12.4657
-0.0769877,1.00109,0.657153,0.718443,1.03425,12.4659
-0.0779853,1.0011,0.65709,0.718116,1.03425,12.4661
-0.078983,1.00111,0.657041,0.7178,1.03426,12.4663
-0.0799806,1.00113,0.657004,0.717496,1.03426,12.4665
-0.0809782,1.00114,0.656979,0.717203,1.03427,12.4667
-0.0819758,1.00115,0.656965,0.716919,1.03427,12.4669
-0.0829735,1.00116,0.656964,0.716646,1.03428,12.4671
-0.0839711,1.00117,0.656975,0.716381,1.03428,12.4673
-0.0849687,1.00119,0.657001,0.716127,1.03429,12.4675
-0.0859663,1.0012,0.657044,0.715888,1.03429,12.4677
-0.086964,1.00121,0.657109,0.71567,1.0343,12.4679
-0.0879616,1.00122,0.6572,0.715475,1.0343,12.4681
-0.0889592,1.00123,0.657317,0.715307,1.03431,12.4683
-0.0899568,1.00124,0.657458,0.715161,1.03431,12.4685
-0.0909545,1.00125,0.657615,0.715033,1.03432,12.4687
-0.0919521,1.00126,0.657782,0.714912,1.03432,12.4688
-0.0929497,1.00127,0.65795,0.714793,1.03432,12.469
-0.0939473,1.00128,0.658113,0.714667,1.03433,12.4692
-0.094945,1.00129,0.658267,0.714533,1.03433,12.4694
-0.0959426,1.0013,0.65841,0.714389,1.03434,12.4695
-0.0969402,1.00131,0.658544,0.714236,1.03434,12.4697
-0.0979378,1.00132,0.658674,0.714077,1.03434,12.4699
-0.0989355,1.00133,0.658803,0.713918,1.03435,12.47
-0.0999331,1.00134,0.658936,0.713761,1.03435,12.4702
-0.100931,1.00135,0.659076,0.713611,1.03436,12.4703
-0.101928,1.00136,0.659228,0.71347,1.03436,12.4705
-0.102926,1.00136,0.659391,0.713341,1.03436,12.4707
-0.103924,1.00137,0.659562,0.713219,1.03437,12.4708
-0.104921,1.00138,0.659734,0.713096,1.03437,12.471
-0.105919,1.00139,0.659899,0.712962,1.03437,12.4711
-0.106916,1.0014,0.660048,0.71281,1.03438,12.4713
-0.107914,1.00141,0.660179,0.712636,1.03438,12.4714
-0.108912,1.00142,0.660293,0.712443,1.03438,12.4716
-0.109909,1.00142,0.6604,0.712239,1.03439,12.4717
-0.110907,1.00143,0.660504,0.712031,1.03439,12.4718
-0.111905,1.00144,0.660609,0.711824,1.03439,12.472
-0.112902,1.00145,0.660716,0.711618,1.0344,12.4721
-0.1139,1.00146,0.660826,0.711415,1.0344,12.4723
-0.114897,1.00147,0.660937,0.711212,1.0344,12.4724
-0.115895,1.00147,0.661046,0.711006,1.0344,12.4725
-0.116893,1.00148,0.661147,0.710791,1.03441,12.4726
-0.11789,1.00149,0.661235,0.710561,1.03441,12.4728
-0.118888,1.0015,0.661307,0.710312,1.03441,12.4729
-0.119886,1.0015,0.661365,0.710045,1.03442,12.473
-0.120883,1.00151,0.661411,0.709762,1.03442,12.4731
-0.121881,1.00152,0.661449,0.709469,1.03442,12.4733
-0.122878,1.00152,0.661481,0.709168,1.03442,12.4734
-0.123876,1.00153,0.661513,0.708865,1.03443,12.4735
-0.124874,1.00154,0.661547,0.708561,1.03443,12.4736
-0.125871,1.00154,0.661585,0.708261,1.03443,12.4737
-0.126869,1.00155,0.661627,0.707964,1.03443,12.4738
-0.127867,1.00156,0.661672,0.707667,1.03444,12.474
-0.128864,1.00156,0.661716,0.707369,1.03444,12.4741
-0.129862,1.00157,0.661756,0.707065,1.03444,12.4742
-0.130859,1.00158,0.661791,0.706751,1.03444,12.4743
-0.131857,1.00158,0.661818,0.706427,1.03445,12.4744
-0.132855,1.00159,0.661837,0.706092,1.03445,12.4745
-0.133852,1.00159,0.66185,0.705748,1.03445,12.4745
-0.13485,1.0016,0.661855,0.705393,1.03445,12.4746
-0.135848,1.0016,0.661853,0.705028,1.03445,12.4747
-0.136845,1.00161,0.661841,0.704653,1.03446,12.4748
-0.137843,1.00161,0.661822,0.704269,1.03446,12.4749
-0.13884,1.00162,0.661799,0.703882,1.03446,12.475
-0.139838,1.00162,0.661777,0.703498,1.03446,12.475
-0.140836,1.00162,0.66176,0.70312,1.03446,12.4751
-0.141833,1.00163,0.661751,0.702751,1.03447,12.4752
-0.142831,1.00163,0.661752,0.702394,1.03447,12.4753
-0.143829,1.00164,0.661767,0.702054,1.03447,12.4753
-0.144826,1.00164,0.661801,0.701736,1.03447,12.4754
-0.145824,1.00165,0.661857,0.701443,1.03447,12.4755
-0.146821,1.00165,0.661937,0.701175,1.03447,12.4755
-0.147819,1.00165,0.662043,0.700935,1.03447,12.4756
-0.148817,1.00166,0.662173,0.700721,1.03448,12.4757
-0.149814,1.00166,0.662327,0.700531,1.03448,12.4757
-0.150812,1.00166,0.662503,0.700366,1.03448,12.4758
-0.15181,1.00167,0.662701,0.700221,1.03448,12.4758
-0.152807,1.00167,0.662916,0.700096,1.03448,12.4759
-0.153805,1.00167,0.663151,0.69999,1.03448,12.476
-0.154802,1.00168,0.663405,0.699903,1.03449,12.476
-0.1558,1.00168,0.663676,0.699835,1.03449,12.4761
-0.156798,1.00168,0.663959,0.699778,1.03449,12.4761
-0.157795,1.00168,0.664248,0.699728,1.03449,12.4762
-0.158793,1.00169,0.664545,0.699686,1.03449,12.4762
-0.159791,1.00169,0.664854,0.699655,1.03449,12.4763
